Timeseries,settingsfile: \\pdrive\share\link\burek.pdrv\watmodel\calibration\danube_1min\morava_calibration_tool\calibration1\G0022\out\00_000\settings_morava_1min2-Run00_000.ini,Runnning date: Wed Jan  8 11:28:49 2025,CWATM: P:\watmodel\calibration\danube_1min\morava_calibration_tool\cwatm\run_cwatm.py last change:01.06.2021
xloc,17.3465
yloc,49.5944
Date,G1
01/01/2015,    1.2095
02/01/2015,    1.2151
03/01/2015,   1.19355
04/01/2015,   1.16746
05/01/2015,   1.14027
06/01/2015,   1.11653
07/01/2015,   1.09576
08/01/2015,   1.07781
09/01/2015,   1.28292
10/01/2015,   1.50727
11/01/2015,   1.85387
12/01/2015,   2.11733
13/01/2015,   2.02758
14/01/2015,   1.94078
15/01/2015,   1.88354
16/01/2015,   1.81852
17/01/2015,   1.99083
18/01/2015,   2.07515
19/01/2015,   2.18487
20/01/2015,   2.12527
21/01/2015,    2.0591
22/01/2015,   1.99996
23/01/2015,   1.95743
24/01/2015,   1.93567
25/01/2015,   1.90954
26/01/2015,   1.88281
27/01/2015,   1.85703
28/01/2015,   1.82798
29/01/2015,    1.7974
30/01/2015,   1.76713
31/01/2015,   1.73823
01/02/2015,   1.70985
02/02/2015,   1.68183
03/02/2015,    1.6544
04/02/2015,   1.62786
05/02/2015,   1.60148
06/02/2015,   1.57589
07/02/2015,   1.54978
08/02/2015,   1.52535
09/02/2015,   1.50169
10/02/2015,    1.6849
11/02/2015,    1.6712
12/02/2015,   1.58309
13/02/2015,   1.51961
14/02/2015,   1.57285
15/02/2015,   1.75039
16/02/2015,   1.64705
17/02/2015,   1.61201
18/02/2015,   1.51682
19/02/2015,   1.44622
20/02/2015,   1.40218
21/02/2015,   1.40805
22/02/2015,    1.5418
23/02/2015,   1.68784
24/02/2015,   1.88842
25/02/2015,   2.11991
26/02/2015,   2.20774
27/02/2015,   2.18069
28/02/2015,   2.09061
01/03/2015,    2.0432
02/03/2015,    2.1262
03/03/2015,   2.29611
04/03/2015,   2.46065
05/03/2015,   2.39152
06/03/2015,   2.30051
07/03/2015,   2.23149
08/03/2015,   2.18729
09/03/2015,   2.18725
10/03/2015,    2.2143
11/03/2015,   2.30967
12/03/2015,   2.36481
13/03/2015,   2.37581
14/03/2015,    2.3953
15/03/2015,   2.37594
16/03/2015,   2.44212
17/03/2015,    2.5213
18/03/2015,    2.4806
19/03/2015,   2.43603
20/03/2015,   2.39043
21/03/2015,   2.32643
22/03/2015,   2.26574
23/03/2015,   2.21887
24/03/2015,   2.17898
25/03/2015,   2.13915
26/03/2015,   2.16101
27/03/2015,   2.34163
28/03/2015,   2.34281
29/03/2015,    2.4405
30/03/2015,   2.65536
31/03/2015,    3.5271
01/04/2015,   3.81903
02/04/2015,   3.79731
03/04/2015,   3.41553
04/04/2015,   3.18311
05/04/2015,   3.05089
06/04/2015,   2.99174
07/04/2015,   3.03646
08/04/2015,   3.26782
09/04/2015,   3.45947
10/04/2015,   3.41347
11/04/2015,   3.27797
12/04/2015,   3.15188
13/04/2015,   3.04094
14/04/2015,   2.95395
15/04/2015,   2.88367
16/04/2015,   2.81523
17/04/2015,     2.862
18/04/2015,   2.77254
19/04/2015,    2.7041
20/04/2015,   2.61073
21/04/2015,     2.518
22/04/2015,   2.43263
23/04/2015,   2.34943
24/04/2015,   2.27341
25/04/2015,   2.19053
26/04/2015,   2.14922
27/04/2015,   2.05646
28/04/2015,   2.20393
29/04/2015,    2.1911
30/04/2015,   2.18047
01/05/2015,   2.03429
02/05/2015,   1.90993
03/05/2015,   1.82073
04/05/2015,   1.74521
05/05/2015,   1.67702
06/05/2015,   2.15343
07/05/2015,   2.05515
08/05/2015,   2.10124
09/05/2015,   1.88115
10/05/2015,   1.71932
11/05/2015,   1.60079
12/05/2015,    1.5096
13/05/2015,   1.44268
14/05/2015,    1.4006
15/05/2015,   1.37262
16/05/2015,   1.33685
17/05/2015,   1.28226
18/05/2015,   1.22561
19/05/2015,   1.18067
20/05/2015,    1.2347
21/05/2015,   1.17151
22/05/2015,   1.13004
23/05/2015,   1.17606
24/05/2015,   1.14641
25/05/2015,   1.15614
26/05/2015,   1.30573
27/05/2015,   1.21087
28/05/2015,   1.15539
29/05/2015,   1.06854
30/05/2015,   1.10927
31/05/2015,     1.025
01/06/2015,  0.983872
02/06/2015,  0.921154
03/06/2015,   0.86003
04/06/2015,  0.811645
05/06/2015,  0.771701
06/06/2015,  0.735306
07/06/2015,  0.700008
08/06/2015,  0.671347
09/06/2015,  0.648336
10/06/2015,  0.626191
11/06/2015,   0.60108
12/06/2015,   0.57417
13/06/2015,  0.717855
14/06/2015,  0.975878
15/06/2015,   0.80914
16/06/2015,  0.734801
17/06/2015,  0.669373
18/06/2015,  0.618347
19/06/2015,  0.615398
20/06/2015,  0.578216
21/06/2015,  0.541629
22/06/2015,  0.694668
23/06/2015,   0.73273
24/06/2015,   0.68415
25/06/2015,  0.640683
26/06/2015,  0.586617
27/06/2015,  0.541023
28/06/2015,  0.535707
29/06/2015,  0.510323
30/06/2015,  0.481684
01/07/2015,   0.44608
02/07/2015,  0.410403
03/07/2015,  0.381027
04/07/2015,  0.355321
05/07/2015,  0.334151
06/07/2015,   0.31334
07/07/2015,  0.294062
08/07/2015,   0.39127
09/07/2015,  0.378885
10/07/2015,   0.37359
11/07/2015,   0.35832
12/07/2015,  0.339379
13/07/2015,  0.347169
14/07/2015,  0.334992
15/07/2015,  0.318296
16/07/2015,  0.296704
17/07/2015,  0.273074
18/07/2015,  0.390381
19/07/2015,  0.295532
20/07/2015,  0.255999
21/07/2015,  0.227999
22/07/2015,  0.203416
23/07/2015,  0.188187
24/07/2015,  0.173921
25/07/2015,  0.172232
26/07/2015,  0.173601
27/07/2015,  0.273776
28/07/2015,  0.235492
29/07/2015,  0.284093
30/07/2015,  0.239115
31/07/2015,  0.215543
01/08/2015,  0.194956
02/08/2015,  0.182529
03/08/2015,  0.170033
04/08/2015,  0.159389
05/08/2015,  0.149039
06/08/2015,  0.136939
07/08/2015,  0.125486
08/08/2015,  0.113828
09/08/2015,  0.104235
10/08/2015, 0.0958366
11/08/2015, 0.0889904
12/08/2015, 0.0824587
13/08/2015, 0.0759472
14/08/2015, 0.0710675
15/08/2015, 0.0677717
16/08/2015,  0.067536
17/08/2015,  0.254626
18/08/2015,  0.966988
19/08/2015,  0.657595
20/08/2015,  0.455104
21/08/2015,  0.376383
22/08/2015,   0.36285
23/08/2015,  0.350406
24/08/2015,  0.319222
25/08/2015,  0.285105
26/08/2015,  0.248118
27/08/2015,  0.215581
28/08/2015,  0.188032
29/08/2015,  0.165347
30/08/2015,  0.145836
31/08/2015,  0.129361
01/09/2015,  0.115697
02/09/2015,  0.109503
03/09/2015,  0.211938
04/09/2015,  0.204429
05/09/2015,   0.18508
06/09/2015,  0.168371
07/09/2015,  0.155707
08/09/2015,  0.142765
09/09/2015,  0.136282
10/09/2015,  0.131424
11/09/2015,  0.128741
12/09/2015,  0.124721
13/09/2015,  0.119554
14/09/2015,  0.113671
15/09/2015,  0.114289
16/09/2015,  0.113083
17/09/2015,  0.108254
18/09/2015,  0.154586
19/09/2015,  0.134058
20/09/2015,  0.126442
21/09/2015,  0.121116
22/09/2015,  0.113968
23/09/2015,  0.107477
24/09/2015,  0.101669
25/09/2015, 0.0964534
26/09/2015,  0.115558
27/09/2015,  0.103931
28/09/2015, 0.0983571
29/09/2015, 0.0933819
30/09/2015, 0.0877063
01/10/2015, 0.0825203
02/10/2015, 0.0776937
03/10/2015, 0.0735474
04/10/2015, 0.0699387
05/10/2015, 0.0666833
06/10/2015,  0.064045
07/10/2015, 0.0613358
08/10/2015, 0.0600706
09/10/2015, 0.0596563
10/10/2015, 0.0598359
11/10/2015, 0.0597053
12/10/2015, 0.0602452
13/10/2015, 0.0606516
14/10/2015,   0.11176
15/10/2015,   0.31665
16/10/2015,  0.330218
17/10/2015,  0.282241
18/10/2015,  0.231225
19/10/2015,  0.204405
20/10/2015,  0.193444
21/10/2015,  0.191485
22/10/2015,  0.190122
23/10/2015,  0.185335
24/10/2015,  0.178189
25/10/2015,  0.169642
26/10/2015,  0.159883
27/10/2015,  0.150858
28/10/2015,  0.142185
29/10/2015,  0.134996
30/10/2015,  0.128611
31/10/2015,  0.123004
01/11/2015,  0.117175
02/11/2015,  0.111614
03/11/2015,  0.106055
04/11/2015,  0.101079
05/11/2015, 0.0967892
06/11/2015, 0.0928243
07/11/2015, 0.0931381
08/11/2015,  0.088259
09/11/2015,  0.086283
10/11/2015, 0.0834983
11/11/2015, 0.0815328
12/11/2015,  0.079711
13/11/2015, 0.0783525
14/11/2015, 0.0759326
15/11/2015, 0.0902137
16/11/2015, 0.0947244
17/11/2015,  0.103832
18/11/2015,  0.107809
19/11/2015,  0.141069
20/11/2015,  0.289725
21/11/2015,  0.277958
22/11/2015,   0.28241
23/11/2015,  0.292698
24/11/2015,  0.305488
25/11/2015,  0.313227
26/11/2015,  0.327228
27/11/2015,  0.314759
28/11/2015,  0.301566
29/11/2015,  0.289964
30/11/2015,   0.33827
01/12/2015,  0.342869
02/12/2015,  0.366492
03/12/2015,  0.393136
04/12/2015,  0.416063
05/12/2015,   0.42433
06/12/2015,  0.418818
07/12/2015,  0.403777
08/12/2015,  0.384476
09/12/2015,  0.365658
10/12/2015,  0.349772
11/12/2015,  0.338797
12/12/2015,  0.328742
13/12/2015,  0.321234
14/12/2015,  0.314849
15/12/2015,  0.309098
16/12/2015,  0.301327
17/12/2015,  0.328125
18/12/2015,  0.423021
19/12/2015,  0.372007
20/12/2015,  0.353745
21/12/2015,  0.339496
22/12/2015,  0.324728
23/12/2015,  0.311316
24/12/2015,     0.299
25/12/2015,  0.287021
26/12/2015,  0.276446
27/12/2015,  0.266241
28/12/2015,  0.259346
29/12/2015,  0.247977
30/12/2015,  0.238074
31/12/2015,  0.228627
01/01/2016,  0.219947
02/01/2016,  0.211198
03/01/2016,  0.203326
04/01/2016,  0.195299
05/01/2016,  0.187922
06/01/2016,  0.180903
07/01/2016,  0.173906
08/01/2016,  0.167074
09/01/2016,  0.160861
10/01/2016,  0.154772
11/01/2016,   0.14926
12/01/2016,  0.226089
13/01/2016,  0.199197
14/01/2016,  0.196159
15/01/2016,  0.185753
16/01/2016,  0.169832
17/01/2016,  0.155745
18/01/2016,  0.144707
19/01/2016,  0.136345
20/01/2016,  0.128882
21/01/2016,  0.122264
22/01/2016,  0.116561
23/01/2016,  0.111452
24/01/2016,  0.106721
25/01/2016,  0.103475
26/01/2016,  0.209372
27/01/2016,   3.49055
28/01/2016,   10.8504
29/01/2016,   9.44512
30/01/2016,    6.2661
31/01/2016,   4.01522
01/02/2016,   2.69442
02/02/2016,   1.95153
03/02/2016,   1.36496
04/02/2016,  0.980697
05/02/2016,  0.760299
06/02/2016,  0.625317
07/02/2016,  0.529597
08/02/2016,  0.464513
09/02/2016,  0.404843
10/02/2016,  0.739513
11/02/2016,  0.565336
12/02/2016,  0.486903
13/02/2016,  0.411292
14/02/2016,  0.478795
15/02/2016,  0.437379
16/02/2016,  0.446069
17/02/2016,  0.491141
18/02/2016,  0.748064
19/02/2016,   1.14604
20/02/2016,   1.07579
21/02/2016,   1.09967
22/02/2016,   1.19104
23/02/2016,   1.51154
24/02/2016,   1.55443
25/02/2016,   1.58681
26/02/2016,   1.52558
27/02/2016,    1.4727
28/02/2016,   1.37656
29/02/2016,   1.55257
01/03/2016,   1.51043
02/03/2016,   1.60007
03/03/2016,   1.54703
04/03/2016,   1.42588
05/03/2016,    1.3647
06/03/2016,   1.35464
07/03/2016,    1.4367
08/03/2016,   1.55681
09/03/2016,   1.51624
10/03/2016,   1.45269
11/03/2016,   1.35721
12/03/2016,   1.29903
13/03/2016,    1.2693
14/03/2016,   1.23404
15/03/2016,   1.26099
16/03/2016,   1.17796
17/03/2016,    1.1351
18/03/2016,   1.16179
19/03/2016,   1.24004
20/03/2016,   1.27867
21/03/2016,   1.28226
22/03/2016,   1.25292
23/03/2016,   1.20316
24/03/2016,   1.15293
25/03/2016,    1.1224
26/03/2016,   1.10749
27/03/2016,   1.08802
28/03/2016,   1.05918
29/03/2016,   1.02593
30/03/2016,   1.02155
31/03/2016,   1.02091
01/04/2016,   1.02888
02/04/2016,   1.00588
03/04/2016,  0.962849
04/04/2016,  0.920083
05/04/2016,    0.8792
06/04/2016,  0.845866
07/04/2016,  0.844084
08/04/2016,   1.02494
09/04/2016,   1.49252
10/04/2016,   1.50603
11/04/2016,   1.55198
12/04/2016,   1.49236
13/04/2016,   1.36237
14/04/2016,   1.34493
15/04/2016,     1.343
16/04/2016,   1.38026
17/04/2016,   1.46336
18/04/2016,   1.42135
19/04/2016,   1.41487
20/04/2016,   1.35419
21/04/2016,   1.28622
22/04/2016,   1.22768
23/04/2016,   1.19423
24/04/2016,   1.22986
25/04/2016,   1.19418
26/04/2016,   1.36481
27/04/2016,   1.31527
28/04/2016,   1.31682
29/04/2016,   1.25363
30/04/2016,   1.17423
01/05/2016,   1.11113
02/05/2016,   1.05857
03/05/2016,   1.03504
04/05/2016,   1.02862
05/05/2016,   1.02121
06/05/2016,  0.986533
07/05/2016,  0.940292
08/05/2016,  0.899184
09/05/2016,  0.861329
10/05/2016,  0.985525
11/05/2016,  0.899926
12/05/2016,  0.870219
13/05/2016,  0.878453
14/05/2016,  0.863806
15/05/2016,  0.860562
16/05/2016,  0.858858
17/05/2016,   0.81791
18/05/2016,  0.782126
19/05/2016,  0.743037
20/05/2016,  0.702817
21/05/2016,  0.663546
22/05/2016,  0.625122
23/05/2016,  0.590384
24/05/2016,  0.567521
25/05/2016,  0.626003
26/05/2016,  0.576981
27/05/2016,  0.540762
28/05/2016,  0.798426
29/05/2016,  0.681645
30/05/2016,  0.668795
31/05/2016,  0.640371
01/06/2016,    0.6145
02/06/2016,    0.6067
03/06/2016,  0.608235
04/06/2016,  0.602208
05/06/2016,  0.585554
06/06/2016,  0.556909
07/06/2016,  0.522272
08/06/2016,  0.487013
09/06/2016,  0.485494
10/06/2016,  0.460848
11/06/2016,  0.448214
12/06/2016,  0.430812
13/06/2016,  0.419752
14/06/2016,  0.396694
15/06/2016,  0.422617
16/06/2016,  0.466187
17/06/2016,  0.475607
18/06/2016,  0.468263
19/06/2016,   0.45515
20/06/2016,  0.701024
21/06/2016,  0.622326
22/06/2016,  0.579839
23/06/2016,  0.532888
24/06/2016,  0.485206
25/06/2016,  0.646156
26/06/2016,  0.512386
27/06/2016,   0.47007
28/06/2016,   0.43335
29/06/2016,    0.4001
30/06/2016,  0.415339
01/07/2016,  0.390588
02/07/2016,   1.10587
03/07/2016,  0.796227
04/07/2016,  0.647702
05/07/2016,  0.637567
06/07/2016,  0.647772
07/07/2016,  0.651632
08/07/2016,   0.64183
09/07/2016,  0.605297
10/07/2016,  0.560758
11/07/2016,  0.535488
12/07/2016,   1.25187
13/07/2016,   1.12557
14/07/2016,   1.51041
15/07/2016,   1.41176
16/07/2016,   1.58113
17/07/2016,   1.48554
18/07/2016,   1.42946
19/07/2016,   1.33231
20/07/2016,   1.23769
21/07/2016,   1.16601
22/07/2016,   1.11254
23/07/2016,   1.07107
24/07/2016,   1.11167
25/07/2016,   1.03875
26/07/2016,   1.00895
27/07/2016,    1.0099
28/07/2016,  0.972088
29/07/2016,   1.60705
30/07/2016,   1.14214
31/07/2016,   2.67309
01/08/2016,    2.9844
02/08/2016,   2.83477
03/08/2016,   2.25224
04/08/2016,   1.75394
05/08/2016,   1.97771
06/08/2016,   1.66161
07/08/2016,   1.62897
08/08/2016,   1.55558
09/08/2016,   1.64464
10/08/2016,   1.82531
11/08/2016,   1.82844
12/08/2016,   1.87426
13/08/2016,   1.78654
14/08/2016,   1.65397
15/08/2016,   1.54059
16/08/2016,   1.45335
17/08/2016,   1.37904
18/08/2016,   1.31692
19/08/2016,   1.26436
20/08/2016,   1.21113
21/08/2016,   1.76939
22/08/2016,   1.45242
23/08/2016,   1.38133
24/08/2016,   1.25828
25/08/2016,   1.14722
26/08/2016,     1.067
27/08/2016,   1.00294
28/08/2016,  0.946002
29/08/2016,  0.899937
30/08/2016,   0.85667
31/08/2016,  0.816918
01/09/2016,  0.779602
02/09/2016,  0.746108
03/09/2016,  0.713075
04/09/2016,  0.678605
05/09/2016,  0.863625
06/09/2016,  0.875848
07/09/2016,  0.926369
08/09/2016,   0.91338
09/09/2016,  0.848426
10/09/2016,  0.777733
11/09/2016,  0.715459
12/09/2016,  0.661026
13/09/2016,   0.61499
14/09/2016,  0.576817
15/09/2016,  0.546772
16/09/2016,  0.521811
17/09/2016,   1.13672
18/09/2016,  0.804088
19/09/2016,  0.717168
20/09/2016,  0.646393
21/09/2016,  0.589705
22/09/2016,  0.547961
23/09/2016,  0.517379
24/09/2016,  0.490013
25/09/2016,  0.462595
26/09/2016,  0.437544
27/09/2016,  0.414496
28/09/2016,  0.393795
29/09/2016,  0.372052
30/09/2016,  0.352031
01/10/2016,   0.33302
02/10/2016,  0.327072
03/10/2016,  0.420822
04/10/2016,  0.459605
05/10/2016,   0.53669
06/10/2016,  0.626984
07/10/2016,  0.694622
08/10/2016,  0.720168
09/10/2016,  0.706458
10/10/2016,  0.670861
11/10/2016,  0.722673
12/10/2016,  0.725949
13/10/2016,  0.804332
14/10/2016,   0.87962
15/10/2016,  0.899373
16/10/2016,   0.88079
17/10/2016,   0.84538
18/10/2016,    0.8446
19/10/2016,  0.866944
20/10/2016,   1.08295
21/10/2016,   1.10508
22/10/2016,   1.19574
23/10/2016,   1.19003
24/10/2016,   1.14225
25/10/2016,   1.07604
26/10/2016,   1.00916
27/10/2016,  0.954155
28/10/2016,  0.914475
29/10/2016,  0.884429
30/10/2016,  0.866018
31/10/2016,  0.844622
01/11/2016,  0.818305
02/11/2016,  0.783804
03/11/2016,  0.750573
04/11/2016,  0.720047
05/11/2016,  0.691942
06/11/2016,   0.90538
07/11/2016,  0.863422
08/11/2016,  0.901889
09/11/2016,  0.881187
10/11/2016,  0.841223
11/11/2016,  0.802766
12/11/2016,  0.774074
13/11/2016,  0.739891
14/11/2016,  0.707358
15/11/2016,   0.68416
16/11/2016,  0.783564
17/11/2016,   0.74693
18/11/2016,  0.757275
19/11/2016,   1.24486
20/11/2016,   1.43107
21/11/2016,   1.71577
22/11/2016,   1.64706
23/11/2016,   1.51433
24/11/2016,   1.40472
25/11/2016,   1.32216
26/11/2016,   1.27419
27/11/2016,   1.25447
28/11/2016,   1.24759
29/11/2016,   1.23949
30/11/2016,   1.22345
01/12/2016,   1.22637
02/12/2016,   1.20266
03/12/2016,   1.17192
04/12/2016,   1.13662
05/12/2016,   1.10652
06/12/2016,   1.08021
07/12/2016,   1.05714
08/12/2016,   1.03511
09/12/2016,   1.01464
10/12/2016,   1.04819
11/12/2016,   1.13966
12/12/2016,   1.31115
13/12/2016,   1.36598
14/12/2016,   1.30497
15/12/2016,    1.2321
16/12/2016,   1.17283
17/12/2016,   1.12747
18/12/2016,   1.09528
19/12/2016,    1.0732
20/12/2016,   1.05602
21/12/2016,    1.0389
22/12/2016,   1.01965
23/12/2016,   1.00041
24/12/2016,  0.980404
25/12/2016,      1.02
26/12/2016,   1.06628
27/12/2016,   1.18699
28/12/2016,    1.2787
29/12/2016,   1.25763
30/12/2016,   1.18899
31/12/2016,   1.13179
01/01/2017,   1.08709
02/01/2017,   1.05517
03/01/2017,   1.03395
04/01/2017,   1.01755
05/01/2017,   1.00343
06/01/2017,  0.988299
07/01/2017,  0.971479
08/01/2017,  0.950252
09/01/2017,  0.925746
10/01/2017,  0.898958
11/01/2017,  0.872656
12/01/2017,  0.846787
13/01/2017,   1.02888
14/01/2017,    1.1201
15/01/2017,  0.946782
16/01/2017,  0.817998
17/01/2017,  0.761118
18/01/2017,  0.723306
19/01/2017,  0.695452
20/01/2017,  0.671798
21/01/2017,  0.650667
22/01/2017,  0.631328
23/01/2017,  0.612809
24/01/2017,    0.5956
25/01/2017,  0.579262
26/01/2017,  0.563342
27/01/2017,  0.548325
28/01/2017,    0.5342
29/01/2017,  0.520805
30/01/2017,  0.507812
31/01/2017,  0.495686
01/02/2017,  0.484322
02/02/2017,  0.472874
03/02/2017,  0.509123
04/02/2017,  0.969053
05/02/2017,   2.83732
06/02/2017,   3.46185
07/02/2017,   2.62953
08/02/2017,   1.92924
09/02/2017,   1.42947
10/02/2017,   1.07988
11/02/2017,   0.84264
12/02/2017,   0.67981
13/02/2017,  0.562755
14/02/2017,  0.482624
15/02/2017,  0.534617
16/02/2017,   7.12647
17/02/2017,    7.3833
18/02/2017,   4.95413
19/02/2017,   3.28888
20/02/2017,   2.45956
21/02/2017,   5.96825
22/02/2017,    17.027
23/02/2017,   24.1776
24/02/2017,   17.4918
25/02/2017,   10.7663
26/02/2017,   6.55369
27/02/2017,   3.99172
28/02/2017,   2.65116
01/03/2017,   2.03698
02/03/2017,   1.65881
03/03/2017,   1.44205
04/03/2017,   1.28975
05/03/2017,   1.09983
06/03/2017,  0.914855
07/03/2017,  0.760839
08/03/2017,  0.635688
09/03/2017,   0.55647
10/03/2017,  0.520443
11/03/2017,  0.485364
12/03/2017,  0.471223
13/03/2017,   0.45365
14/03/2017,  0.436131
15/03/2017,  0.424499
16/03/2017,  0.418166
17/03/2017,  0.416087
18/03/2017,  0.480668
19/03/2017,    0.5966
20/03/2017,  0.664241
21/03/2017,    0.7167
22/03/2017,  0.817061
23/03/2017,  0.826508
24/03/2017,   0.89011
25/03/2017,  0.885608
26/03/2017,  0.854261
27/03/2017,  0.830593
28/03/2017,  0.810327
29/03/2017,  0.790686
30/03/2017,  0.779425
31/03/2017,   0.76849
01/04/2017,  0.758304
02/04/2017,  0.743114
03/04/2017,  0.727366
04/04/2017,  0.738274
05/04/2017,  0.726631
06/04/2017,  0.737409
07/04/2017,  0.763157
08/04/2017,  0.777711
09/04/2017,  0.776925
10/04/2017,   0.76125
11/04/2017,  0.748325
12/04/2017,  0.741534
13/04/2017,  0.731223
14/04/2017,  0.720209
15/04/2017,  0.714611
16/04/2017,  0.702019
17/04/2017,  0.786705
18/04/2017,  0.755679
19/04/2017,  0.772795
20/04/2017,  0.735348
21/04/2017,  0.716418
22/04/2017,  0.753115
23/04/2017,  0.806268
24/04/2017,  0.801601
25/04/2017,  0.772272
26/04/2017,  0.809552
27/04/2017,    1.1144
28/04/2017,   1.69233
29/04/2017,   1.60022
30/04/2017,   1.48517
01/05/2017,   1.41026
02/05/2017,   1.46524
03/05/2017,   1.52693
04/05/2017,   1.55302
05/05/2017,   1.58457
06/05/2017,   1.68487
07/05/2017,   1.99165
08/05/2017,   2.07016
09/05/2017,   2.12954
10/05/2017,   1.99236
11/05/2017,   1.85156
12/05/2017,    1.9546
13/05/2017,   1.78265
14/05/2017,   1.71682
15/05/2017,   1.73989
16/05/2017,   1.73902
17/05/2017,   1.73815
18/05/2017,   1.64465
19/05/2017,   1.54272
20/05/2017,   1.46797
21/05/2017,   1.39604
22/05/2017,   1.33493
23/05/2017,    1.2849
24/05/2017,   1.25392
25/05/2017,    1.2159
26/05/2017,   1.17409
27/05/2017,   1.11703
28/05/2017,   1.06013
29/05/2017,   1.00656
30/05/2017,   1.12062
31/05/2017,   1.06986
01/06/2017,   1.04972
02/06/2017,  0.986586
03/06/2017,   0.91561
04/06/2017,   1.23652
05/06/2017,   1.08378
06/06/2017,   1.06681
07/06/2017,   1.00596
08/06/2017,  0.932719
09/06/2017,  0.860196
10/06/2017,   1.02535
11/06/2017,  0.945561
12/06/2017,  0.923281
13/06/2017,  0.864397
14/06/2017,  0.797684
15/06/2017,  0.738224
16/06/2017,  0.931522
17/06/2017,  0.810978
18/06/2017,  0.756512
19/06/2017,  0.699453
20/06/2017,  0.644082
21/06/2017,  0.597438
22/06/2017,  0.560833
23/06/2017,  0.804225
24/06/2017,  0.683515
25/06/2017,  0.635208
26/06/2017,  0.590181
27/06/2017,  0.548282
28/06/2017,   0.50465
29/06/2017,  0.468362
30/06/2017,  0.440518
01/07/2017,  0.417287
02/07/2017,  0.397889
03/07/2017,  0.378095
04/07/2017,  0.362284
05/07/2017,  0.355024
06/07/2017,  0.338084
07/07/2017,  0.339778
08/07/2017,  0.353794
09/07/2017,  0.357057
10/07/2017,  0.996382
11/07/2017,  0.998505
12/07/2017,  0.717622
13/07/2017,  0.616273
14/07/2017,  0.558159
15/07/2017,  0.514705
16/07/2017,  0.468774
17/07/2017,  0.433544
18/07/2017,  0.393401
19/07/2017,  0.357027
20/07/2017,  0.535345
21/07/2017,  0.765998
22/07/2017,  0.592872
23/07/2017,  0.671821
24/07/2017,  0.859731
25/07/2017,  0.798313
26/07/2017,  0.765549
27/07/2017,  0.732548
28/07/2017,  0.736184
29/07/2017,   0.64493
30/07/2017,  0.577154
31/07/2017,  0.515715
01/08/2017,  0.462426
02/08/2017,  0.426184
03/08/2017,  0.399608
04/08/2017,  0.400654
05/08/2017,    0.3718
06/08/2017,  0.370673
07/08/2017,  0.350704
08/08/2017,  0.335484
09/08/2017,  0.318292
10/08/2017,  0.735764
11/08/2017,  0.803844
12/08/2017,  0.736309
13/08/2017,  0.733979
14/08/2017,  0.710949
15/08/2017,  0.661334
16/08/2017,  0.607725
17/08/2017,  0.557727
18/08/2017,   0.51037
19/08/2017,  0.478624
20/08/2017,  0.462829
21/08/2017,  0.462394
22/08/2017,  0.464059
23/08/2017,  0.458847
24/08/2017,  0.444539
25/08/2017,  0.424882
26/08/2017,  0.403557
27/08/2017,  0.379494
28/08/2017,  0.356855
29/08/2017,  0.335929
30/08/2017,  0.315529
31/08/2017,  0.296133
01/09/2017,  0.958641
02/09/2017,  0.610788
03/09/2017,  0.600674
04/09/2017,  0.516607
05/09/2017,  0.470548
06/09/2017,   0.44949
07/09/2017,  0.421121
08/09/2017,  0.392622
09/09/2017,  0.364224
10/09/2017,  0.340526
11/09/2017,  0.772995
12/09/2017,  0.609147
13/09/2017,  0.572833
14/09/2017,  0.544178
15/09/2017,  0.518003
16/09/2017,  0.583118
17/09/2017,    1.0567
18/09/2017,  0.970462
19/09/2017,   1.00666
20/09/2017,   1.24828
21/09/2017,   1.42571
22/09/2017,   1.48897
23/09/2017,   1.63084
24/09/2017,    1.7166
25/09/2017,   1.67563
26/09/2017,   1.62671
27/09/2017,   1.52936
28/09/2017,   1.43788
29/09/2017,   1.36897
30/09/2017,   1.31466
01/10/2017,   1.26436
02/10/2017,   1.21538
03/10/2017,    2.2464
04/10/2017,    1.8298
05/10/2017,   1.84895
06/10/2017,   1.76165
07/10/2017,   1.65701
08/10/2017,   1.61889
09/10/2017,   1.51987
10/10/2017,   1.44457
11/10/2017,   1.37512
12/10/2017,   1.31716
13/10/2017,   1.26211
14/10/2017,   1.21131
15/10/2017,   1.16219
16/10/2017,   1.11211
17/10/2017,   1.06447
18/10/2017,    1.0164
19/10/2017,    0.9709
20/10/2017,  0.928614
21/10/2017,  0.887267
22/10/2017,   1.06956
23/10/2017,   1.01066
24/10/2017,   1.01614
25/10/2017,  0.978723
26/10/2017,  0.917735
27/10/2017,   1.24025
28/10/2017,   1.12162
29/10/2017,   1.38709
30/10/2017,   1.41557
31/10/2017,   1.51809
01/11/2017,   1.45545
02/11/2017,   1.35589
03/11/2017,   1.28101
04/11/2017,    1.2197
05/11/2017,   1.17164
06/11/2017,   1.13445
07/11/2017,   1.10371
08/11/2017,   1.07845
09/11/2017,   1.05362
10/11/2017,   1.03866
11/11/2017,   1.04959
12/11/2017,   1.29745
13/11/2017,   1.37782
14/11/2017,   1.48029
15/11/2017,   1.43264
16/11/2017,   1.35436
17/11/2017,   1.30777
18/11/2017,   1.26032
19/11/2017,   1.23204
20/11/2017,    1.3652
21/11/2017,   1.32646
22/11/2017,   1.28682
23/11/2017,   1.31007
24/11/2017,   1.33818
25/11/2017,   1.30907
26/11/2017,   1.27539
27/11/2017,   1.25376
28/11/2017,   1.21852
29/11/2017,   1.18733
30/11/2017,   1.15288
01/12/2017,   1.12625
02/12/2017,   1.10223
03/12/2017,   1.07836
04/12/2017,   1.05592
05/12/2017,   1.08228
06/12/2017,   1.33191
07/12/2017,   1.17979
08/12/2017,   1.11911
09/12/2017,   1.04193
10/12/2017,  0.990524
11/12/2017,   1.03122
12/12/2017,   1.19052
13/12/2017,   1.35389
14/12/2017,   1.36836
15/12/2017,   1.32341
16/12/2017,   1.27034
17/12/2017,   1.22406
18/12/2017,   1.18502
19/12/2017,   1.15824
20/12/2017,   1.14179
21/12/2017,   1.13104
22/12/2017,    1.2187
23/12/2017,   1.24354
24/12/2017,   1.23486
25/12/2017,   1.24131
26/12/2017,   1.22308
27/12/2017,   1.19796
28/12/2017,   1.35548
29/12/2017,   1.33022
30/12/2017,   1.34828
31/12/2017,   1.39449
01/01/2018,   1.37018
02/01/2018,   1.39375
03/01/2018,   1.37591
04/01/2018,    1.3297
05/01/2018,   1.35775
06/01/2018,   1.41665
07/01/2018,   1.43064
08/01/2018,   1.40018
09/01/2018,   1.37789
10/01/2018,    1.7096
11/01/2018,   1.80791
12/01/2018,   1.96722
13/01/2018,   1.87839
14/01/2018,   1.79567
15/01/2018,   1.73979
16/01/2018,   1.69542
17/01/2018,   1.66724
18/01/2018,    1.7026
19/01/2018,   1.67931
20/01/2018,   1.64643
21/01/2018,   1.62098
22/01/2018,   1.59724
23/01/2018,   1.57488
24/01/2018,   1.61822
25/01/2018,   1.55505
26/01/2018,   1.53314
27/01/2018,   1.53659
28/01/2018,   1.56692
29/01/2018,   1.63349
30/01/2018,   1.75738
31/01/2018,   1.82433
01/02/2018,   1.86075
02/02/2018,   1.79736
03/02/2018,   1.77708
04/02/2018,   1.66894
05/02/2018,   1.58364
06/02/2018,   1.53671
07/02/2018,   1.50868
08/02/2018,   1.48504
09/02/2018,   1.46251
10/02/2018,    1.4398
11/02/2018,   1.41659
12/02/2018,   1.39285
13/02/2018,   1.37013
14/02/2018,   1.34602
15/02/2018,   1.32373
16/02/2018,   1.30227
17/02/2018,   1.28071
18/02/2018,   1.25895
19/02/2018,   1.23826
20/02/2018,   1.21763
21/02/2018,    1.1967
22/02/2018,   1.17618
23/02/2018,   1.15522
24/02/2018,   1.13194
25/02/2018,   1.10588
26/02/2018,   1.07643
27/02/2018,    1.0462
28/02/2018,   1.01588
01/03/2018,  0.987293
02/03/2018,  0.959987
03/03/2018,  0.933084
04/03/2018,  0.907266
05/03/2018,  0.883022
06/03/2018,  0.864519
07/03/2018,   1.34724
08/03/2018,   3.21631
09/03/2018,   6.47009
10/03/2018,   11.3054
11/03/2018,   17.9546
12/03/2018,    19.682
13/03/2018,   16.4843
14/03/2018,   10.8628
15/03/2018,    7.8448
16/03/2018,    5.2801
17/03/2018,   3.30624
18/03/2018,   2.21948
19/03/2018,   1.59498
20/03/2018,   1.22207
21/03/2018,   0.98593
22/03/2018,  0.830925
23/03/2018,   0.73259
24/03/2018,  0.690295
25/03/2018,  0.854497
26/03/2018,    1.0436
27/03/2018,   1.02434
28/03/2018,   1.12415
29/03/2018,    3.5151
30/03/2018,   10.1296
31/03/2018,   8.89072
01/04/2018,   6.69386
02/04/2018,   4.80511
03/04/2018,   3.35564
04/04/2018,   2.43741
05/04/2018,   1.84522
06/04/2018,   1.44692
07/04/2018,   1.18482
08/04/2018,   1.00754
09/04/2018,   0.88255
10/04/2018,  0.800748
11/04/2018,  0.748199
12/04/2018,  0.709888
13/04/2018,  0.886237
14/04/2018,  0.811723
15/04/2018,  0.799032
16/04/2018,  0.752593
17/04/2018,  0.708896
18/04/2018,  0.680809
19/04/2018,  0.654668
20/04/2018,   0.62755
21/04/2018,  0.601232
22/04/2018,  0.576083
23/04/2018,  0.750427
24/04/2018,  0.666475
25/04/2018,  0.636083
26/04/2018,  0.590037
27/04/2018,   0.54722
28/04/2018,  0.515443
29/04/2018,  0.487937
30/04/2018,  0.464069
01/05/2018,  0.448143
02/05/2018,   0.43334
03/05/2018,  0.416483
04/05/2018,  0.401938
05/05/2018,  0.386625
06/05/2018,  0.371726
07/05/2018,  0.356136
08/05/2018,  0.345364
09/05/2018,  0.338627
10/05/2018,  0.337746
11/05/2018,  0.500178
12/05/2018,  0.460635
13/05/2018,  0.438421
14/05/2018,  0.401601
15/05/2018,  0.427885
16/05/2018,  0.397283
17/05/2018,  0.600333
18/05/2018,  0.584127
19/05/2018,  0.548707
20/05/2018,  0.502922
21/05/2018,  0.452929
22/05/2018,  0.414346
23/05/2018,  0.384288
24/05/2018,  0.355651
25/05/2018,  0.330688
26/05/2018,  0.308899
27/05/2018,  0.289559
28/05/2018,    0.2736
29/05/2018,  0.259856
30/05/2018,  0.247377
31/05/2018,  0.233891
01/06/2018,  0.233105
02/06/2018,  0.273032
03/06/2018,  0.333476
04/06/2018,  0.419829
05/06/2018,  0.486736
06/06/2018,  0.509579
07/06/2018,  0.492449
08/06/2018,  0.456406
09/06/2018,  0.553577
10/06/2018,  0.540904
11/06/2018,  0.539357
12/06/2018,   1.03855
13/06/2018,  0.825169
14/06/2018,  0.751559
15/06/2018,  0.679159
16/06/2018,  0.608037
17/06/2018,   0.55194
18/06/2018,  0.505337
19/06/2018,  0.464303
20/06/2018,  0.431793
21/06/2018,  0.408209
22/06/2018,   0.40876
23/06/2018,  0.414444
24/06/2018,   0.41291
25/06/2018,  0.403117
26/06/2018,  0.395857
27/06/2018,  0.396981
28/06/2018,  0.516183
29/06/2018,  0.503475
30/06/2018,   0.50689
01/07/2018,   0.49874
02/07/2018,  0.475925
03/07/2018,  0.443092
04/07/2018,  0.407882
05/07/2018,  0.374735
06/07/2018,  0.420505
07/07/2018,  0.363316
08/07/2018,  0.334922
09/07/2018,  0.310873
10/07/2018,  0.293727
11/07/2018,  0.280618
12/07/2018,   0.26864
13/07/2018,   0.25636
14/07/2018,  0.241512
15/07/2018,  0.226854
16/07/2018,   0.21292
17/07/2018,  0.225963
18/07/2018,    0.3566
19/07/2018,   0.31227
20/07/2018,  0.291349
21/07/2018,   0.26805
22/07/2018,  0.324253
23/07/2018,  0.269099
24/07/2018,  0.238399
25/07/2018,  0.232712
26/07/2018,  0.214177
27/07/2018,  0.203193
28/07/2018,  0.192607
29/07/2018,  0.182793
30/07/2018,  0.170388
31/07/2018,  0.159149
01/08/2018,  0.149384
02/08/2018,  0.138805
03/08/2018,     0.127
04/08/2018,  0.118936
05/08/2018,  0.113477
06/08/2018,  0.111197
07/08/2018,  0.110568
08/08/2018,  0.108416
09/08/2018,   0.10751
10/08/2018,  0.111707
11/08/2018,  0.116412
12/08/2018,   0.11639
13/08/2018,  0.115484
14/08/2018,  0.114934
15/08/2018,  0.110873
16/08/2018,  0.105668
17/08/2018, 0.0994682
18/08/2018, 0.0923102
19/08/2018, 0.0851504
20/08/2018, 0.0782713
21/08/2018, 0.0711903
22/08/2018, 0.0648158
23/08/2018, 0.0581119
24/08/2018,  0.053857
25/08/2018, 0.0619765
26/08/2018,  0.128245
27/08/2018,  0.121485
28/08/2018,  0.115636
29/08/2018,  0.104963
30/08/2018,  0.122804
31/08/2018,  0.107923
01/09/2018,  0.957531
02/09/2018,  0.545706
03/09/2018,  0.402313
04/09/2018,   1.05924
05/09/2018,  0.522847
06/09/2018,  0.364322
07/09/2018,  0.284684
08/09/2018,  0.235534
09/09/2018,  0.202275
10/09/2018,   0.17673
11/09/2018,  0.156418
12/09/2018,  0.137056
13/09/2018,  0.122226
14/09/2018,  0.456854
15/09/2018,  0.309125
16/09/2018,   0.24952
17/09/2018,  0.205322
18/09/2018,  0.174379
19/09/2018,  0.158539
20/09/2018,  0.149756
21/09/2018,  0.141777
22/09/2018,  0.168037
23/09/2018,  0.353159
24/09/2018,  0.301075
25/09/2018,  0.273058
26/09/2018,  0.243401
27/09/2018,   0.22135
28/09/2018,  0.215467
29/09/2018,  0.209329
30/09/2018,  0.204927
01/10/2018,  0.199455
02/10/2018,  0.228883
03/10/2018,  0.215388
04/10/2018,  0.206446
05/10/2018,   0.19269
06/10/2018,  0.178982
07/10/2018,  0.169179
08/10/2018,  0.159672
09/10/2018,  0.152689
10/10/2018,  0.145706
11/10/2018,  0.137784
12/10/2018,  0.129631
13/10/2018,  0.121439
14/10/2018,  0.112933
15/10/2018,  0.104549
16/10/2018, 0.0974947
17/10/2018, 0.0937722
18/10/2018, 0.0941352
19/10/2018,  0.095407
20/10/2018,   0.09507
21/10/2018, 0.0938839
22/10/2018, 0.0919076
23/10/2018, 0.0900066
24/10/2018,  0.118451
25/10/2018,  0.119411
26/10/2018,  0.121841
27/10/2018,  0.223459
28/10/2018,  0.217932
29/10/2018,  0.210955
30/10/2018,  0.196921
31/10/2018,  0.190425
01/11/2018,  0.184043
02/11/2018,  0.208727
03/11/2018,  0.263593
04/11/2018,  0.249659
05/11/2018,  0.243465
06/11/2018,  0.233592
07/11/2018,   0.22638
08/11/2018,  0.221178
09/11/2018,  0.216752
10/11/2018,  0.211474
11/11/2018,  0.204956
12/11/2018,  0.198104
13/11/2018,  0.190467
14/11/2018,  0.182597
15/11/2018,  0.174971
16/11/2018,  0.167526
17/11/2018,  0.159873
18/11/2018,  0.153383
19/11/2018,  0.146839
20/11/2018,   0.14108
21/11/2018,  0.151605
22/11/2018,  0.140722
23/11/2018,  0.140639
24/11/2018,  0.143501
25/11/2018,  0.142187
26/11/2018,  0.135403
27/11/2018,  0.128499
28/11/2018,  0.122336
29/11/2018,  0.117487
30/11/2018,  0.112527
01/12/2018,  0.108587
02/12/2018,  0.104895
03/12/2018,  0.194937
04/12/2018,  0.220504
05/12/2018,  0.194232
06/12/2018,  0.179313
07/12/2018,  0.174062
08/12/2018,   0.16571
09/12/2018,   0.16507
10/12/2018,  0.178283
11/12/2018,  0.196927
12/12/2018,  0.212169
13/12/2018,  0.222214
14/12/2018,  0.226228
15/12/2018,  0.226821
16/12/2018,  0.226314
17/12/2018,  0.223801
18/12/2018,  0.218749
19/12/2018,  0.212367
20/12/2018,  0.205449
21/12/2018,   0.19886
22/12/2018,   0.25063
23/12/2018,  0.291458
24/12/2018,  0.363506
25/12/2018,   0.35122
26/12/2018,  0.352529
27/12/2018,  0.355408
28/12/2018,  0.359405
29/12/2018,   0.36719
30/12/2018,  0.393188
31/12/2018,  0.394736
01/01/2019,  0.432152
02/01/2019,  0.426278
03/01/2019,  0.427316
04/01/2019,  0.421841
05/01/2019,  0.474364
06/01/2019,  0.419177
07/01/2019,   0.39136
08/01/2019,  0.367252
09/01/2019,  0.349542
10/01/2019,  0.328425
11/01/2019,  0.312978
12/01/2019,  0.325864
13/01/2019,  0.350875
14/01/2019,   0.35185
15/01/2019,  0.351575
16/01/2019,  0.314571
17/01/2019,  0.306316
18/01/2019,  0.302667
19/01/2019,  0.294909
20/01/2019,  0.278957
21/01/2019,  0.260804
22/01/2019,  0.244096
23/01/2019,  0.229693
24/01/2019,  0.217296
25/01/2019,  0.205707
26/01/2019,   0.19582
27/01/2019,  0.186209
28/01/2019,   0.17754
29/01/2019,  0.169007
30/01/2019,  0.161279
31/01/2019,  0.153647
01/02/2019,  0.263971
02/02/2019,  0.766668
03/02/2019,   10.5118
04/02/2019,   9.21246
05/02/2019,   6.09774
06/02/2019,   3.86192
07/02/2019,   2.45845
08/02/2019,   1.62455
09/02/2019,    1.1434
10/02/2019,   1.06631
11/02/2019,   1.84321
12/02/2019,   2.48822
13/02/2019,    2.5288
14/02/2019,   2.15606
15/02/2019,   1.95095
16/02/2019,   1.67488
17/02/2019,   1.40374
18/02/2019,   1.44829
19/02/2019,   1.60418
20/02/2019,   1.56743
21/02/2019,     1.451
22/02/2019,   1.23891
23/02/2019,   1.08689
24/02/2019,  0.967347
25/02/2019,  0.886842
26/02/2019,   0.83392
27/02/2019,  0.808931
28/02/2019,  0.788447
01/03/2019,  0.781777
02/03/2019,  0.758338
03/03/2019,  0.735678
04/03/2019,  0.708841
05/03/2019,  0.690069
06/03/2019,  0.679375
07/03/2019,  0.660026
08/03/2019,  0.632369
09/03/2019,  0.619384
10/03/2019,  0.955989
11/03/2019,  0.955599
12/03/2019,   1.07091
13/03/2019,   1.09647
14/03/2019,   1.06711
15/03/2019,   1.09822
16/03/2019,   1.12467
17/03/2019,   1.17139
18/03/2019,   1.17687
19/03/2019,   1.14314
20/03/2019,   1.09092
21/03/2019,   1.03205
22/03/2019,  0.977936
23/03/2019,  0.933948
24/03/2019,   0.89657
25/03/2019,  0.864074
26/03/2019,  0.830308
27/03/2019,  0.794428
28/03/2019,  0.782522
29/03/2019,  0.735296
30/03/2019,  0.694344
31/03/2019,  0.654142
01/04/2019,  0.617263
02/04/2019,  0.584585
03/04/2019,  0.551941
04/04/2019,  0.519996
05/04/2019,   0.49217
06/04/2019,  0.477582
07/04/2019,  0.464746
08/04/2019,  0.448839
09/04/2019,  0.428949
10/04/2019,  0.409929
11/04/2019,   0.39178
12/04/2019,  0.375099
13/04/2019,  0.361335
14/04/2019,  0.345702
15/04/2019,  0.327809
16/04/2019,  0.313567
17/04/2019,  0.302087
18/04/2019,  0.289147
19/04/2019,  0.272899
20/04/2019,   0.25693
21/04/2019,  0.240789
22/04/2019,  0.226986
23/04/2019,  0.239761
24/04/2019,  0.230833
25/04/2019,  0.223473
26/04/2019,  0.214836
27/04/2019,  0.207923
28/04/2019,  0.255263
29/04/2019,  0.305109
30/04/2019,   0.37458
01/05/2019,  0.366712
02/05/2019,  0.360171
03/05/2019,  0.350354
04/05/2019,  0.373325
05/05/2019,  0.348982
06/05/2019,  0.330195
07/05/2019,  0.309606
08/05/2019,  0.285743
09/05/2019,  0.333514
10/05/2019,  0.306517
11/05/2019,  0.295088
12/05/2019,  0.360109
13/05/2019,  0.344098
14/05/2019,  0.342529
15/05/2019,  0.600058
16/05/2019,   0.48732
17/05/2019,   0.44275
18/05/2019,   0.40194
19/05/2019,  0.367443
20/05/2019,  0.511035
21/05/2019,  0.448005
22/05/2019,   0.66636
23/05/2019,  0.599685
24/05/2019,  0.583146
25/05/2019,  0.570413
26/05/2019,  0.587611
27/05/2019,  0.602486
28/05/2019,   1.61961
29/05/2019,   1.06819
30/05/2019,  0.952733
31/05/2019,  0.853458
01/06/2019,  0.766986
02/06/2019,  0.698797
03/06/2019,  0.643212
04/06/2019,  0.600488
05/06/2019,  0.561668
06/06/2019,  0.532249
07/06/2019,  0.816894
08/06/2019,  0.698886
09/06/2019,  0.662583
10/06/2019,  0.622164
11/06/2019,  0.573105
12/06/2019,  0.528725
13/06/2019,   0.66012
14/06/2019,   0.56484
15/06/2019,  0.498358
16/06/2019,  0.769622
17/06/2019,  0.573176
18/06/2019,  0.499637
19/06/2019,  0.451682
20/06/2019,  0.420069
21/06/2019,  0.408855
22/06/2019,  0.413459
23/06/2019,  0.452931
24/06/2019,  0.439109
25/06/2019,  0.419358
26/06/2019,  0.390671
27/06/2019,  0.359027
28/06/2019,   0.33165
29/06/2019,  0.307211
30/06/2019,  0.281103
01/07/2019,   0.57519
02/07/2019,  0.416445
03/07/2019,  0.342416
04/07/2019,   0.29173
05/07/2019,  0.259863
06/07/2019,  0.233747
07/07/2019,  0.216744
08/07/2019,  0.201883
09/07/2019,   0.19097
10/07/2019,  0.180444
11/07/2019,  0.170142
12/07/2019,  0.165436
13/07/2019,  0.157842
14/07/2019,   0.26268
15/07/2019,  0.211978
16/07/2019,  0.185847
17/07/2019,  0.164741
18/07/2019,  0.148917
19/07/2019,  0.214308
20/07/2019,  0.170251
21/07/2019,  0.147698
22/07/2019,  0.128732
23/07/2019,  0.113448
24/07/2019, 0.0990375
25/07/2019, 0.0869987
26/07/2019, 0.0758283
27/07/2019,  0.199075
28/07/2019,  0.261679
29/07/2019,  0.182054
30/07/2019,  0.212957
31/07/2019,  0.409148
01/08/2019,  0.252837
02/08/2019,  0.187244
03/08/2019,  0.148039
04/08/2019,  0.121626
05/08/2019,  0.109409
06/08/2019,  0.325461
07/08/2019,  0.372378
08/08/2019,  0.289422
09/08/2019,   0.23578
10/08/2019,   0.24449
11/08/2019,  0.210255
12/08/2019,   0.63637
13/08/2019,  0.438724
14/08/2019,  0.347935
15/08/2019,  0.289527
16/08/2019,  0.271796
17/08/2019,  0.293749
18/08/2019,  0.291644
19/08/2019,  0.280225
20/08/2019,  0.270989
21/08/2019,  0.359901
22/08/2019,  0.317147
23/08/2019,  0.285783
24/08/2019,  0.254878
25/08/2019,  0.234381
26/08/2019,  0.273218
27/08/2019,  0.253433
28/08/2019,  0.239504
29/08/2019,  0.227332
30/08/2019,  0.381265
31/08/2019,  0.300528
01/09/2019,  0.264925
02/09/2019,  0.708732
03/09/2019,  0.512314
04/09/2019,  0.418104
05/09/2019,   0.37207
06/09/2019,  0.356985
07/09/2019,  0.676932
08/09/2019,    0.6122
09/09/2019,   1.04278
10/09/2019,  0.912554
11/09/2019,  0.969777
12/09/2019,   1.05555
13/09/2019,   1.04369
14/09/2019,  0.976074
15/09/2019,   0.89984
16/09/2019,  0.838343
17/09/2019,  0.795062
18/09/2019,  0.762391
19/09/2019,   0.73868
20/09/2019,  0.716159
21/09/2019,  0.689247
22/09/2019,  0.657562
23/09/2019,  0.627813
24/09/2019,    0.5981
25/09/2019,  0.572823
26/09/2019,  0.545164
27/09/2019,  0.544384
28/09/2019,  0.515615
29/09/2019,  0.490199
30/09/2019,   0.46587
01/10/2019,   0.44898
02/10/2019,  0.553601
03/10/2019,  0.537618
04/10/2019,  0.530525
05/10/2019,  0.640385
06/10/2019,  0.601291
07/10/2019,  0.574833
08/10/2019,  0.554511
09/10/2019,  0.999995
10/10/2019,  0.842397
11/10/2019,  0.818806
12/10/2019,  0.835191
13/10/2019,  0.827695
14/10/2019,  0.795392
15/10/2019,  0.751364
16/10/2019,  0.708197
17/10/2019,  0.669951
18/10/2019,  0.638817
19/10/2019,  0.613084
20/10/2019,    0.5895
21/10/2019,  0.565696
22/10/2019,   0.54208
23/10/2019,  0.518283
24/10/2019,  0.491539
25/10/2019,  0.467934
26/10/2019,  0.445056
27/10/2019,  0.423748
28/10/2019,  0.439284
29/10/2019,  0.418583
30/10/2019,  0.403685
31/10/2019,  0.389967
01/11/2019,  0.374805
02/11/2019,  0.359232
03/11/2019,  0.343307
04/11/2019,  0.326728
05/11/2019,   0.37237
06/11/2019,  0.345829
07/11/2019,  0.335151
08/11/2019,  0.321549
09/11/2019,  0.308837
10/11/2019,  0.303082
11/11/2019,  0.299146
12/11/2019,  0.512551
13/11/2019,  0.613499
14/11/2019,  0.596524
15/11/2019,  0.624422
16/11/2019,  0.636129
17/11/2019,  0.622086
18/11/2019,  0.607823
19/11/2019,  0.585277
20/11/2019,  0.566506
21/11/2019,  0.550754
22/11/2019,  0.540446
23/11/2019,   0.53337
24/11/2019,  0.523594
25/11/2019,  0.509141
26/11/2019,  0.492306
27/11/2019,  0.473721
28/11/2019,   0.45453
29/11/2019,  0.433782
30/11/2019,  0.414423
01/12/2019,  0.396377
02/12/2019,  0.378405
03/12/2019,  0.360251
04/12/2019,  0.343908
05/12/2019,  0.328383
06/12/2019,  0.313427
07/12/2019,  0.300085
08/12/2019,  0.287778
09/12/2019,  0.283225
10/12/2019,  0.281738
11/12/2019,  0.280959
12/12/2019,  0.276849
13/12/2019,  0.281389
14/12/2019,  0.268818
15/12/2019,  0.268475
16/12/2019,  0.276037
17/12/2019,  0.279176
18/12/2019,  0.278893
19/12/2019,  0.276391
20/12/2019,  0.270612
21/12/2019,  0.671429
22/12/2019,  0.558562
23/12/2019,  0.810373
24/12/2019,  0.762563
25/12/2019,  0.773138
26/12/2019,  0.768526
27/12/2019,   0.74657
28/12/2019,  0.717131
29/12/2019,  0.684878
30/12/2019,   0.65628
31/12/2019,  0.631635
01/01/2020,   0.61033
02/01/2020,  0.590491
03/01/2020,  0.571605
04/01/2020,  0.556156
05/01/2020,  0.539566
06/01/2020,  0.523016
07/01/2020,  0.505427
08/01/2020,  0.488155
09/01/2020,  0.472709
10/01/2020,  0.455248
11/01/2020,  0.439792
12/01/2020,    0.4261
13/01/2020,  0.408473
14/01/2020,  0.389896
15/01/2020,  0.373017
16/01/2020,  0.358369
17/01/2020,  0.347549
18/01/2020,   0.33983
19/01/2020,  0.369395
20/01/2020,   0.37427
21/01/2020,  0.355888
22/01/2020,  0.337121
23/01/2020,  0.318976
24/01/2020,  0.304156
25/01/2020,  0.291713
26/01/2020,  0.281525
27/01/2020,  0.272501
28/01/2020,  0.264224
29/01/2020,   0.25631
30/01/2020,  0.251313
31/01/2020,  0.273196
01/02/2020,  0.309783
02/02/2020,  0.418606
03/02/2020,  0.610728
04/02/2020,   0.90348
05/02/2020,  0.935369
06/02/2020,   0.92678
07/02/2020,  0.843346
08/02/2020,  0.761454
09/02/2020,  0.707459
10/02/2020,  0.750763
11/02/2020,  0.759699
12/02/2020,  0.829481
13/02/2020,  0.863648
14/02/2020,  0.851837
15/02/2020,  0.838173
16/02/2020,   0.85562
17/02/2020,  0.912842
18/02/2020,   1.00061
19/02/2020,   1.06241
20/02/2020,   1.07036
21/02/2020,   1.05262
22/02/2020,   1.02127
23/02/2020,   1.10389
24/02/2020,   1.15619
25/02/2020,   1.29139
26/02/2020,   1.34511
27/02/2020,   1.35378
28/02/2020,   1.32919
29/02/2020,   1.25834
01/03/2020,   1.20691
02/03/2020,   1.49521
03/03/2020,   1.56703
04/03/2020,    1.6839
05/03/2020,   1.70928
06/03/2020,   1.63709
07/03/2020,   1.52859
08/03/2020,   1.44447
09/03/2020,   1.37725
10/03/2020,    1.3273
11/03/2020,   1.30421
12/03/2020,   1.30079
13/03/2020,   1.30788
14/03/2020,   1.27919
15/03/2020,   1.23112
16/03/2020,   1.17765
17/03/2020,   1.12897
18/03/2020,   1.08205
19/03/2020,   1.03927
20/03/2020,   1.00276
21/03/2020,   1.07562
22/03/2020,   1.01117
23/03/2020,  0.969669
24/03/2020,  0.926158
25/03/2020,  0.888188
26/03/2020,  0.861014
27/03/2020,  0.859707
28/03/2020,  0.865883
29/03/2020,   0.84027
30/03/2020,  0.800152
31/03/2020,  0.765644
01/04/2020,  0.734524
02/04/2020,  0.703252
03/04/2020,  0.675505
04/04/2020,   0.65017
05/04/2020,  0.622786
06/04/2020,  0.594186
07/04/2020,  0.565137
08/04/2020,   0.53796
09/04/2020,  0.510886
10/04/2020,  0.486497
11/04/2020,  0.464487
12/04/2020,  0.442396
13/04/2020,  0.519612
14/04/2020,   0.46026
15/04/2020,  0.432169
16/04/2020,  0.401464
17/04/2020,  0.372276
18/04/2020,  0.347764
19/04/2020,  0.329417
20/04/2020,  0.311455
21/04/2020,  0.294541
22/04/2020,  0.279008
23/04/2020,   0.26436
24/04/2020,  0.250815
25/04/2020,  0.239046
26/04/2020,  0.228747
27/04/2020,  0.217623
28/04/2020,  0.207009
29/04/2020,  0.200018
30/04/2020,  0.189192
01/05/2020,  0.186276
02/05/2020,  0.187841
03/05/2020,  0.191327
04/05/2020,   0.19241
05/05/2020,  0.236075
06/05/2020,  0.226718
07/05/2020,  0.221031
08/05/2020,  0.211738
09/05/2020,  0.198534
10/05/2020,  0.184542
11/05/2020,  0.240266
12/05/2020,  0.224834
13/05/2020,  0.390685
14/05/2020,  0.339986
15/05/2020,  0.318364
16/05/2020,  0.295867
17/05/2020,  0.273888
18/05/2020,  0.251093
19/05/2020,   0.22939
20/05/2020,  0.209221
21/05/2020,  0.192128
22/05/2020,  0.177311
23/05/2020,  0.549537
24/05/2020,  0.426413
25/05/2020,  0.385306
26/05/2020,  0.430111
27/05/2020,  0.377636
28/05/2020,  0.350641
29/05/2020,  0.322651
30/05/2020,  0.294648
31/05/2020,  0.428814
01/06/2020,  0.383887
02/06/2020,   0.36476
03/06/2020,  0.341918
04/06/2020,   0.31929
05/06/2020,  0.440516
06/06/2020,  0.385297
07/06/2020,   1.16867
08/06/2020,  0.692964
09/06/2020,  0.549503
10/06/2020,  0.532099
11/06/2020,  0.472287
12/06/2020,  0.437985
13/06/2020,  0.407439
14/06/2020,  0.380335
15/06/2020,  0.352271
16/06/2020,  0.329116
17/06/2020,  0.318254
18/06/2020,  0.454914
19/06/2020,  0.479779
20/06/2020,  0.651723
21/06/2020,   0.81816
22/06/2020,  0.822228
23/06/2020,  0.816916
24/06/2020,  0.986371
25/06/2020,  0.882087
26/06/2020,   2.02438
27/06/2020,   1.56774
28/06/2020,   1.72373
29/06/2020,   2.32905
30/06/2020,    2.0542
01/07/2020,   2.05117
02/07/2020,   2.04296
03/07/2020,   1.87889
04/07/2020,   1.84709
05/07/2020,   1.80601
06/07/2020,   1.72565
07/07/2020,   1.65791
08/07/2020,   1.68755
09/07/2020,   1.63042
10/07/2020,   1.59017
11/07/2020,   2.06985
12/07/2020,   1.92095
13/07/2020,   1.94811
14/07/2020,   1.80232
15/07/2020,   1.67325
16/07/2020,    1.5425
17/07/2020,   1.87293
18/07/2020,   1.81342
19/07/2020,   1.80113
20/07/2020,   2.00623
21/07/2020,   1.77429
22/07/2020,   1.62828
23/07/2020,   1.49121
24/07/2020,   1.40999
25/07/2020,   1.40137
26/07/2020,   1.41861
27/07/2020,   1.36998
28/07/2020,   1.29145
29/07/2020,   1.21291
30/07/2020,   1.13829
31/07/2020,   1.07196
01/08/2020,   1.01535
02/08/2020,  0.971891
03/08/2020,   1.13733
04/08/2020,   1.79097
05/08/2020,   1.51404
06/08/2020,   1.50252
07/08/2020,   1.36172
08/08/2020,   1.20651
09/08/2020,    1.0883
10/08/2020,   1.00031
11/08/2020,  0.929071
12/08/2020,  0.872383
13/08/2020,  0.828664
14/08/2020,   1.21434
15/08/2020,   1.05903
16/08/2020,  0.992853
17/08/2020,  0.928636
18/08/2020,   1.12454
19/08/2020,    1.1045
20/08/2020,   1.20969
21/08/2020,   1.23817
22/08/2020,   1.16554
23/08/2020,   1.07547
24/08/2020,  0.993858
25/08/2020,  0.921555
26/08/2020,  0.858177
27/08/2020,  0.812262
28/08/2020,  0.781767
29/08/2020,   1.05939
30/08/2020,   1.09371
31/08/2020,   1.16842
01/09/2020,   1.83063
02/09/2020,   1.69048
03/09/2020,   1.72262
04/09/2020,   1.57102
05/09/2020,   1.88713
06/09/2020,   2.08111
07/09/2020,   1.88941
08/09/2020,   1.81064
09/09/2020,   1.65385
10/09/2020,   1.53615
11/09/2020,   1.44902
12/09/2020,   1.37301
13/09/2020,   1.30884
14/09/2020,   1.25221
15/09/2020,   1.19949
16/09/2020,   1.14609
17/09/2020,   1.09515
18/09/2020,   1.04347
19/09/2020,  0.995808
20/09/2020,  0.949175
21/09/2020,  0.901979
22/09/2020,  0.853213
23/09/2020,  0.823307
24/09/2020,  0.779375
25/09/2020,   1.05759
26/09/2020,   1.46959
27/09/2020,   1.43256
28/09/2020,   1.65985
29/09/2020,   1.74388
30/09/2020,   1.75587
01/10/2020,   2.07926
02/10/2020,   1.97647
03/10/2020,   2.30094
04/10/2020,   2.40653
05/10/2020,   2.55669
06/10/2020,   2.55836
07/10/2020,   2.38784
08/10/2020,   2.22393
09/10/2020,   2.08729
10/10/2020,   2.01217
11/10/2020,   2.24404
12/10/2020,   2.72063
13/10/2020,   3.84188
14/10/2020,   4.95935
15/10/2020,   5.12119
16/10/2020,   4.97438
17/10/2020,   4.52825
18/10/2020,   4.27331
19/10/2020,   4.01659
20/10/2020,   3.85722
21/10/2020,   3.77279
22/10/2020,   3.69926
23/10/2020,   3.62051
24/10/2020,   3.54543
25/10/2020,    3.4569
26/10/2020,   3.35871
27/10/2020,   3.24536
28/10/2020,   3.13432
29/10/2020,   3.20742
30/10/2020,   3.20827
31/10/2020,   3.22113
01/11/2020,    3.2592
02/11/2020,   3.20607
03/11/2020,   3.17342
04/11/2020,   3.41726
05/11/2020,   3.31666
06/11/2020,   3.25715
07/11/2020,   3.04195
08/11/2020,   2.89546
09/11/2020,   2.79552
10/11/2020,    2.7144
11/11/2020,   2.64742
12/11/2020,   2.58601
13/11/2020,   2.52277
14/11/2020,   2.45757
15/11/2020,   2.39131
16/11/2020,   2.32639
17/11/2020,    2.2644
18/11/2020,   2.20265
19/11/2020,   2.16617
20/11/2020,   2.10269
21/11/2020,   2.04992
22/11/2020,    1.9916
23/11/2020,   1.93951
24/11/2020,   1.89256
25/11/2020,   1.84749
26/11/2020,   1.80373
27/11/2020,   1.76255
28/11/2020,   1.72117
29/11/2020,   1.68269
30/11/2020,   1.64484
01/12/2020,   1.60801
02/12/2020,   1.57355
03/12/2020,   1.54081
04/12/2020,   1.60684
05/12/2020,   1.60557
06/12/2020,    1.6111
07/12/2020,   1.53901
08/12/2020,   1.47859
09/12/2020,   1.43959
10/12/2020,   1.40781
11/12/2020,   1.39119
12/12/2020,   1.36205
13/12/2020,   1.33597
14/12/2020,   1.31357
15/12/2020,   1.29818
16/12/2020,   1.28332
17/12/2020,   1.25586
18/12/2020,   1.22817
19/12/2020,   1.20406
20/12/2020,   1.18273
21/12/2020,   1.16249
22/12/2020,   1.15019
23/12/2020,   1.20529
24/12/2020,   1.58639
25/12/2020,   1.59012
26/12/2020,   1.58166
27/12/2020,    1.4574
28/12/2020,   1.51708
29/12/2020,   1.84138
30/12/2020,   1.96995
31/12/2020,    2.0412
01/01/2021,   1.94732
02/01/2021,    1.8417
03/01/2021,   1.88067
04/01/2021,   1.90763
05/01/2021,   2.07684
06/01/2021,   2.05358
07/01/2021,   1.95102
08/01/2021,   1.90247
09/01/2021,   1.85757
10/01/2021,   1.81897
11/01/2021,   1.78862
12/01/2021,   1.76292
13/01/2021,    1.7362
14/01/2021,   1.70785
15/01/2021,   1.67789
16/01/2021,   1.64753
17/01/2021,   1.61645
18/01/2021,   1.58796
19/01/2021,   1.56022
20/01/2021,   1.55638
21/01/2021,   1.67883
22/01/2021,   1.90623
23/01/2021,     2.187
24/01/2021,   2.34763
25/01/2021,   2.23525
26/01/2021,   2.05261
27/01/2021,   1.93968
28/01/2021,    1.8714
29/01/2021,   1.82823
30/01/2021,   1.80031
31/01/2021,   1.78181
01/02/2021,   1.76262
02/02/2021,    1.7401
03/02/2021,    2.0969
04/02/2021,   2.55223
05/02/2021,   2.52971
06/02/2021,   2.47196
07/02/2021,   2.34483
08/02/2021,   2.25907
09/02/2021,   2.14794
10/02/2021,   2.01371
11/02/2021,    1.8931
12/02/2021,   1.79419
13/02/2021,   1.71136
14/02/2021,   1.64147
15/02/2021,   1.58187
16/02/2021,   1.52827
17/02/2021,   1.47853
18/02/2021,   2.05232
19/02/2021,   4.06262
20/02/2021,   4.91387
21/02/2021,   5.23279
22/02/2021,   5.40834
23/02/2021,   9.22364
24/02/2021,    19.554
25/02/2021,   14.1998
26/02/2021,   9.88234
27/02/2021,   6.59721
28/02/2021,   4.33882
01/03/2021,     2.969
02/03/2021,   2.17427
03/03/2021,   1.71307
04/03/2021,   1.46728
05/03/2021,    1.3198
06/03/2021,   1.24034
07/03/2021,   1.18685
08/03/2021,   1.15757
09/03/2021,   1.14049
10/03/2021,   1.12682
11/03/2021,   1.17072
12/03/2021,   1.27707
13/03/2021,   1.37201
14/03/2021,   1.43554
15/03/2021,   1.36003
16/03/2021,   1.30524
17/03/2021,   1.29132
18/03/2021,   1.27322
19/03/2021,   1.24155
20/03/2021,   1.21901
21/03/2021,   1.20528
22/03/2021,   1.19221
23/03/2021,   1.20824
24/03/2021,     1.234
25/03/2021,   1.25975
26/03/2021,    1.2588
27/03/2021,   1.25779
28/03/2021,   1.26246
29/03/2021,   1.26939
30/03/2021,   1.24858
31/03/2021,   1.21243
01/04/2021,   1.17316
02/04/2021,   1.14616
03/04/2021,   1.13501
04/04/2021,   1.13466
05/04/2021,   1.12706
06/04/2021,   1.10812
07/04/2021,   1.08714
08/04/2021,   1.07149
09/04/2021,   1.04609
10/04/2021,   1.03221
11/04/2021,   1.02205
12/04/2021,   1.29874
13/04/2021,   1.19406
14/04/2021,   1.17203
15/04/2021,    1.0997
16/04/2021,   1.04222
17/04/2021,   1.00946
18/04/2021,   1.00919
19/04/2021,   1.05443
20/04/2021,   1.08764
21/04/2021,   1.09714
22/04/2021,   1.06436
23/04/2021,   1.01942
24/04/2021,  0.974545
25/04/2021,  0.932135
26/04/2021,   0.89416
27/04/2021,  0.859675
28/04/2021,   0.82803
29/04/2021,  0.934706
30/04/2021,  0.874331
01/05/2021,   1.15538
02/05/2021,   1.26087
03/05/2021,    1.2474
04/05/2021,    1.2406
05/05/2021,   1.22354
06/05/2021,   1.12187
07/05/2021,   1.07786
08/05/2021,   1.00684
09/05/2021,  0.936208
10/05/2021,  0.875132
11/05/2021,  0.826368
12/05/2021,  0.879928
13/05/2021,   1.61134
14/05/2021,   1.45729
15/05/2021,   1.47113
16/05/2021,   1.65048
17/05/2021,   1.58652
18/05/2021,   1.63918
19/05/2021,   1.54592
20/05/2021,   1.41715
21/05/2021,   1.32872
22/05/2021,   1.49086
23/05/2021,   1.39329
24/05/2021,   1.36682
25/05/2021,   1.32828
26/05/2021,   1.29748
27/05/2021,   1.28453
28/05/2021,   1.23048
29/05/2021,   1.20091
30/05/2021,   1.16875
31/05/2021,   1.12431
01/06/2021,   1.06481
02/06/2021,   1.00685
03/06/2021,  0.954909
04/06/2021,  0.908618
05/06/2021,  0.870463
06/06/2021,  0.829028
07/06/2021,   0.78943
08/06/2021,  0.756093
09/06/2021,  0.720644
10/06/2021,  0.753164
11/06/2021,  0.695717
12/06/2021,  0.693833
13/06/2021,  0.666801
14/06/2021,  0.635286
15/06/2021,  0.598138
16/06/2021,  0.560252
17/06/2021,  0.527812
18/06/2021,  0.496638
19/06/2021,  0.468493
20/06/2021,  0.442115
21/06/2021,  0.422803
22/06/2021,  0.438717
23/06/2021,  0.419007
24/06/2021,  0.416785
25/06/2021,  0.496669
26/06/2021,   0.45218
27/06/2021,  0.413803
28/06/2021,  0.373774
29/06/2021,  0.655329
30/06/2021,  0.524387
01/07/2021,  0.472073
02/07/2021,  0.424351
03/07/2021,  0.384491
04/07/2021,  0.354192
05/07/2021,  0.331977
06/07/2021,  0.312332
07/07/2021,  0.291258
08/07/2021,  0.641781
09/07/2021,  0.652742
10/07/2021,   0.64668
11/07/2021,  0.621679
12/07/2021,  0.810375
13/07/2021,  0.678355
14/07/2021,  0.651998
15/07/2021,  0.623095
16/07/2021,  0.585738
17/07/2021,  0.539972
18/07/2021,  0.498052
19/07/2021,  0.466408
20/07/2021,  0.442001
21/07/2021,  0.419422
22/07/2021,  0.394579
23/07/2021,  0.373714
24/07/2021,  0.353501
25/07/2021,  0.858368
26/07/2021,  0.574911
27/07/2021,  0.473606
28/07/2021,   0.70115
29/07/2021,  0.497105
30/07/2021,  0.414965
31/07/2021,  0.357891
01/08/2021,  0.577328
02/08/2021,  0.546704
03/08/2021,   0.62932
04/08/2021,  0.526353
05/08/2021,   1.18209
06/08/2021,  0.872708
07/08/2021,  0.766954
08/08/2021,  0.799248
09/08/2021,  0.689282
10/08/2021,  0.636493
11/08/2021,  0.588626
12/08/2021,  0.546388
13/08/2021,   0.50663
14/08/2021,  0.470016
15/08/2021,  0.438762
16/08/2021,  0.617063
17/08/2021,  0.564664
18/08/2021,  0.548828
19/08/2021,  0.519828
20/08/2021,  0.486873
21/08/2021,  0.459559
22/08/2021,  0.434484
23/08/2021,  0.418234
24/08/2021,  0.403413
25/08/2021,   0.39329
26/08/2021,  0.492435
27/08/2021,  0.504588
28/08/2021,  0.579098
29/08/2021,  0.521951
30/08/2021,   0.50381
31/08/2021,  0.647403
01/09/2021,  0.615149
02/09/2021,  0.605424
03/09/2021,  0.580862
04/09/2021,  0.545866
05/09/2021,  0.513436
06/09/2021,   0.48508
07/09/2021,  0.458424
08/09/2021,    0.4328
09/09/2021,  0.407076
10/09/2021,  0.382805
11/09/2021,  0.361584
12/09/2021,  0.343409
13/09/2021,  0.329524
14/09/2021,  0.316349
15/09/2021,  0.303058
16/09/2021,  0.417361
17/09/2021,  0.635124
18/09/2021,  0.498404
19/09/2021,  0.432634
20/09/2021,  0.384643
21/09/2021,  0.349056
22/09/2021,  0.384354
23/09/2021,  0.365278
24/09/2021,  0.353285
25/09/2021,   0.33474
26/09/2021,   0.31661
27/09/2021,   0.29967
28/09/2021,  0.285866
29/09/2021,  0.276472
30/09/2021,  0.264604
01/10/2021,  0.251965
02/10/2021,  0.237193
03/10/2021,  0.222674
04/10/2021,  0.207711
05/10/2021,  0.195262
06/10/2021,   0.30813
07/10/2021,  0.256027
08/10/2021,  0.236218
09/10/2021,  0.218113
10/10/2021,  0.201368
11/10/2021,  0.185941
12/10/2021,  0.176296
13/10/2021,  0.172333
14/10/2021,  0.169929
15/10/2021,  0.167302
16/10/2021,  0.163433
17/10/2021,  0.157286
18/10/2021,  0.150833
19/10/2021,  0.144819
20/10/2021,  0.137021
21/10/2021,  0.130325
22/10/2021,  0.124054
23/10/2021,   0.11826
24/10/2021,  0.113364
25/10/2021,  0.108392
26/10/2021,  0.103217
27/10/2021, 0.0986265
28/10/2021, 0.0942986
29/10/2021, 0.0892042
30/10/2021, 0.0838015
31/10/2021, 0.0784595
01/11/2021, 0.0740063
02/11/2021,  0.204598
03/11/2021,  0.242068
04/11/2021,  0.372965
05/11/2021,   0.29559
06/11/2021,  0.264234
07/11/2021,  0.239025
08/11/2021,  0.217684
09/11/2021,  0.205383
10/11/2021,  0.199022
11/11/2021,  0.194882
12/11/2021,  0.190721
13/11/2021,  0.186133
14/11/2021,  0.179716
15/11/2021,  0.172512
16/11/2021,  0.164237
17/11/2021,  0.157486
18/11/2021,  0.151128
19/11/2021,  0.143952
20/11/2021,  0.137132
21/11/2021,  0.131955
22/11/2021,  0.126658
23/11/2021,  0.122366
24/11/2021,  0.117464
25/11/2021,  0.113133
26/11/2021,  0.208969
27/11/2021,  0.116259
28/11/2021,  0.102887
29/11/2021,  0.098656
30/11/2021,  0.121484
01/12/2021,  0.256442
02/12/2021,  0.341141
03/12/2021,  0.290729
04/12/2021,  0.239818
05/12/2021,  0.201001
06/12/2021,  0.172686
07/12/2021,  0.154491
08/12/2021,  0.142626
09/12/2021,  0.134113
10/12/2021,  0.127692
11/12/2021,  0.122077
12/12/2021,  0.116969
13/12/2021,  0.112064
14/12/2021,  0.123751
15/12/2021,  0.186312
16/12/2021,  0.331369
17/12/2021,  0.426479
18/12/2021,  0.456188
19/12/2021,  0.479822
20/12/2021,  0.457713
21/12/2021,  0.411415
22/12/2021,  0.373623
23/12/2021,  0.345185
24/12/2021,  0.412639
25/12/2021,  0.389709
26/12/2021,   0.38234
27/12/2021,  0.363317
28/12/2021,  0.339266
29/12/2021,  0.319055
30/12/2021,  0.359627
31/12/2021,  0.472851
01/01/2022,  0.449308
02/01/2022,  0.532627
03/01/2022,  0.654065
04/01/2022,  0.823909
05/01/2022,   0.89082
06/01/2022,  0.968876
07/01/2022,  0.976184
08/01/2022,  0.946689
09/01/2022,  0.916119
10/01/2022,   0.88463
11/01/2022,  0.851891
12/01/2022,  0.822279
13/01/2022,  0.797013
14/01/2022,  0.771062
15/01/2022,  0.745518
16/01/2022,  0.716336
17/01/2022,   0.69208
18/01/2022,   0.66135
19/01/2022,  0.630956
20/01/2022,  0.599316
21/01/2022,  0.570074
22/01/2022,  0.543068
23/01/2022,  0.518803
24/01/2022,  0.495904
25/01/2022,  0.474291
26/01/2022,  0.497088
27/01/2022,  0.450233
28/01/2022,  0.473693
29/01/2022,  0.452403
30/01/2022,  0.432732
31/01/2022,   0.43209
01/02/2022,  0.422881
02/02/2022,   0.40083
03/02/2022,  0.383325
04/02/2022,  0.365152
05/02/2022,  0.347156
06/02/2022,  0.336988
07/02/2022,  0.347689
08/02/2022,  0.363978
09/02/2022,  0.357754
10/02/2022,   0.35966
11/02/2022,  0.397936
12/02/2022,  0.452921
13/02/2022,  0.485842
14/02/2022,  0.481808
15/02/2022,  0.464699
16/02/2022,  0.448572
17/02/2022,  0.560282
18/02/2022,  0.621799
19/02/2022,  0.747363
20/02/2022,  0.837274
21/02/2022,  0.906251
22/02/2022,  0.981553
23/02/2022,   1.02279
24/02/2022,   1.01534
25/02/2022,  0.992997
26/02/2022,  0.970353
27/02/2022,  0.944569
28/02/2022,  0.919933
01/03/2022,    0.8963
02/03/2022,  0.871312
03/03/2022,  0.845148
04/03/2022,  0.817967
05/03/2022,  0.790623
06/03/2022,  0.761788
07/03/2022,  0.733149
08/03/2022,   0.70539
09/03/2022,  0.687409
10/03/2022,  0.684547
11/03/2022,  0.676934
12/03/2022,  0.649469
13/03/2022,  0.614712
14/03/2022,  0.583222
15/03/2022,  0.620092
16/03/2022,  0.740973
17/03/2022,  0.732526
18/03/2022,  0.747582
19/03/2022,  0.721231
20/03/2022,  0.682479
21/03/2022,  0.647065
22/03/2022,  0.615164
23/03/2022,    0.5845
24/03/2022,  0.555974
25/03/2022,  0.532917
26/03/2022,  0.512937
27/03/2022,   0.49405
28/03/2022,  0.475091
29/03/2022,  0.459437
30/03/2022,  0.447678
31/03/2022,  0.491751
01/04/2022,  0.478743
02/04/2022,  0.469513
03/04/2022,  0.449809
04/04/2022,  0.428626
05/04/2022,  0.413297
06/04/2022,  0.403584
07/04/2022,  0.400681
08/04/2022,  0.515854
09/04/2022,  0.516085
10/04/2022,  0.534278
11/04/2022,  0.530218
12/04/2022,  0.507056
13/04/2022,  0.478159
14/04/2022,  0.449886
15/04/2022,  0.442387
16/04/2022,     0.459
17/04/2022,  0.477314
18/04/2022,   0.48198
19/04/2022,  0.514854
20/04/2022,    0.4974
21/04/2022,  0.487212
22/04/2022,   0.47008
23/04/2022,  0.444062
24/04/2022,  0.779799
25/04/2022,  0.756167
26/04/2022,  0.748421
27/04/2022,  0.729527
28/04/2022,  0.680955
29/04/2022,  0.631236
30/04/2022,  0.589594
01/05/2022,  0.553697
02/05/2022,  0.520069
03/05/2022,  0.494155
04/05/2022,  0.478616
05/05/2022,  0.490662
06/05/2022,  0.464259
07/05/2022,  0.445367
08/05/2022,   0.42294
09/05/2022,  0.398296
10/05/2022,  0.375691
11/05/2022,  0.353277
12/05/2022,  0.331401
13/05/2022,  0.313922
14/05/2022,  0.297487
15/05/2022,  0.282663
16/05/2022,  0.267891
17/05/2022,  0.541981
18/05/2022,  0.405465
19/05/2022,  0.353466
20/05/2022,  0.331915
21/05/2022,  0.304513
22/05/2022,  0.288394
23/05/2022,  0.272667
24/05/2022,  0.260988
25/05/2022,  0.685987
26/05/2022,  0.554794
27/05/2022,  0.520523
28/05/2022,  0.486592
29/05/2022,  0.451036
30/05/2022,  0.415852
31/05/2022,  0.419088
01/06/2022,  0.535411
02/06/2022,  0.464566
03/06/2022,  0.426554
04/06/2022,  0.802591
05/06/2022,   0.60583
06/06/2022,  0.551338
07/06/2022,  0.652733
08/06/2022,  0.586688
09/06/2022,  0.624848
10/06/2022,   0.74077
11/06/2022,  0.845459
12/06/2022,  0.872099
13/06/2022,   1.09146
14/06/2022,  0.958145
15/06/2022,  0.897402
16/06/2022,   1.08879
17/06/2022,   0.96503
18/06/2022,  0.913798
19/06/2022,  0.850231
20/06/2022,   1.00351
21/06/2022,  0.898354
22/06/2022,  0.846285
23/06/2022,  0.782809
24/06/2022,  0.758586
25/06/2022,  0.697771
26/06/2022,  0.655087
27/06/2022,  0.610989
28/06/2022,   0.58319
29/06/2022,   0.63257
30/06/2022,  0.595973
01/07/2022,  0.583431
02/07/2022,  0.589412
03/07/2022,  0.582167
04/07/2022,  0.565291
05/07/2022,  0.890002
06/07/2022,  0.936331
07/07/2022,  0.805792
08/07/2022,  0.743059
09/07/2022,  0.676783
10/07/2022,  0.620368
11/07/2022,  0.583652
12/07/2022,  0.555371
13/07/2022,  0.526145
14/07/2022,  0.647068
15/07/2022,  0.586982
16/07/2022,  0.556758
17/07/2022,  0.524023
18/07/2022,  0.488064
19/07/2022,  0.452433
20/07/2022,  0.418555
21/07/2022,  0.386183
22/07/2022,   0.35802
23/07/2022,  0.335688
24/07/2022,  0.314701
25/07/2022,  0.295631
26/07/2022,   1.19968
27/07/2022,  0.690238
28/07/2022,   0.51795
29/07/2022,  0.436128
30/07/2022,  0.783886
31/07/2022,  0.690344
01/08/2022,  0.592638
02/08/2022,  0.549632
03/08/2022,  0.513487
04/08/2022,  0.479113
05/08/2022,  0.443121
06/08/2022,  0.842993
07/08/2022,  0.642481
08/08/2022,  0.565134
09/08/2022,  0.510542
10/08/2022,  0.468076
11/08/2022,  0.435636
12/08/2022,  0.407755
13/08/2022,  0.389022
14/08/2022,  0.376479
15/08/2022,  0.362757
16/08/2022,  0.345598
17/08/2022,  0.327223
18/08/2022,   0.30898
19/08/2022,  0.407137
20/08/2022,  0.343835
21/08/2022,  0.886397
22/08/2022,  0.726508
23/08/2022,  0.594718
24/08/2022,   0.53597
25/08/2022,  0.498864
26/08/2022,  0.470864
27/08/2022,  0.535497
28/08/2022,  0.478858
29/08/2022,  0.438241
30/08/2022,  0.400299
31/08/2022,  0.368709
01/09/2022,  0.342754
02/09/2022,  0.322142
03/09/2022,  0.305122
04/09/2022,   0.52427
05/09/2022,  0.430802
06/09/2022,  0.389176
07/09/2022,  0.357066
08/09/2022,  0.332454
09/09/2022,  0.399657
10/09/2022,    0.3545
11/09/2022,  0.332477
12/09/2022,  0.314454
13/09/2022,  0.296882
14/09/2022,  0.553236
15/09/2022,  0.601822
16/09/2022,  0.488786
17/09/2022,  0.439983
18/09/2022,  0.441352
19/09/2022,   0.53359
20/09/2022,  0.484568
21/09/2022,  0.509839
22/09/2022,  0.498147
23/09/2022,  0.486973
24/09/2022,  0.471365
25/09/2022,  0.496328
26/09/2022,    0.5073
27/09/2022,  0.714189
28/09/2022,  0.642031
29/09/2022,  0.618805
30/09/2022,  0.591591
01/10/2022,  0.563496
02/10/2022,  0.544221
03/10/2022,  0.531893
04/10/2022,  0.520243
05/10/2022,  0.505024
06/10/2022,  0.484171
07/10/2022,  0.461195
08/10/2022,  0.442606
09/10/2022,  0.423083
10/10/2022,  0.404246
11/10/2022,  0.386159
12/10/2022,  0.369039
13/10/2022,  0.354149
14/10/2022,  0.339574
15/10/2022,  0.325597
16/10/2022,  0.309511
17/10/2022,   0.29338
18/10/2022,  0.318125
19/10/2022,   0.30229
20/10/2022,  0.292169
21/10/2022,  0.281132
22/10/2022,  0.271239
23/10/2022,  0.260414
24/10/2022,  0.320855
25/10/2022,  0.283928
26/10/2022,  0.266479
27/10/2022,  0.250371
28/10/2022,  0.235452
29/10/2022,  0.222386
30/10/2022,  0.211673
31/10/2022,  0.202325
01/11/2022,  0.192812
02/11/2022,   0.18402
03/11/2022,  0.175469
04/11/2022,  0.204162
05/11/2022,  0.183412
06/11/2022,  0.174595
07/11/2022,  0.165545
08/11/2022,  0.156175
09/11/2022,  0.147689
10/11/2022,  0.140668
11/11/2022,  0.134781
12/11/2022,   0.12922
13/11/2022,  0.123853
14/11/2022,  0.118453
15/11/2022,  0.113411
16/11/2022,  0.116486
17/11/2022,  0.152978
18/11/2022,  0.140571
19/11/2022,   0.13436
20/11/2022,  0.125701
21/11/2022,  0.180664
22/11/2022,    0.1569
23/11/2022,  0.141205
24/11/2022,  0.130128
25/11/2022,  0.121813
26/11/2022,  0.116074
27/11/2022,  0.114586
28/11/2022,   0.11697
29/11/2022,  0.121134
30/11/2022,  0.124308
01/12/2022,  0.124678
02/12/2022,  0.123757
03/12/2022,  0.146393
04/12/2022,  0.138247
05/12/2022,  0.141464
06/12/2022,  0.320146
07/12/2022,  0.261112
08/12/2022,  0.231108
09/12/2022,  0.242411
10/12/2022,  0.204634
11/12/2022,  0.181949
12/12/2022,  0.166662
13/12/2022,  0.155963
14/12/2022,  0.149023
15/12/2022,  0.143545
16/12/2022,  0.138498
17/12/2022,  0.133122
18/12/2022,   0.12824
19/12/2022,  0.123033
20/12/2022,  0.117631
21/12/2022,  0.112548
22/12/2022,   0.10785
23/12/2022,  0.345448
24/12/2022,  0.512406
25/12/2022,   0.49194
26/12/2022,  0.709584
27/12/2022,  0.666091
28/12/2022,  0.726578
29/12/2022,  0.780834
30/12/2022,  0.791567
31/12/2022,  0.792916
